{
  "imports": {
    "@joeattardi/emoji-button": "./@joeattardi/emoji-button.js",
    "@videojs/http-streaming/dist/videojs-http-streaming.min.js": "./@videojs/http-streaming/dist/videojs-http-streaming.min.js",
    "@videojs/themes/fantasy/index.css": "./@videojs/themes/fantasy/index.css",
    "htm": "./htm.js",
    "mark.js/dist/mark.es6.min.js": "./markjs/dist/mark.es6.min.js",
    "micromodal/dist/micromodal.min.js": "./micromodal/dist/micromodal.min.js",
    "preact": "./preact.js",
    "tailwindcss/dist/tailwind.min.css": "./tailwindcss/dist/tailwind.min.css",
    "video.js": "./video.js/core.js",
    "video.js/core.js": "./videojs/core.js"
  }
}